{
  "success": true,
  "code": 200,
  "data": {
    "info": {
      "name": "IPSA",
      "shortName": "IPSA",
      "countryName": "Chile",
      "codeInstrument": "IPSA"
    },
    "constituents": [
      {
        "codeInstrument": "AGUAS-A",
        "name": "AGUAS ANDINAS S.A., SERIE A",
        "shortName": "AGUAS-A",
        "pctDay": 0,
        "pct30D": 0.3653001734253314,
        "pctCY": -4.427266338721014,
        "pct1Y": 1.5152646114801938,
        "lastPrice": 272,
        "datetimeLastPrice": "06-11-2024 12:20:25",
        "volumeMoney": 778464,
        "accumulatedVolumeMoney": 158922209,
        "tend": "same",
        "performanceAbsolute": 0,
        "performanceRelative": 0
      },
      {
        "codeInstrument": "ANDINA-B",
        "name": "EMBOTELLADORA ANDINA S.A. SERIE B",
        "shortName": "ANDINA-B",
        "pctDay": -0.3517,
        "pct30D": -3.9611054247696953,
        "pctCY": 28.534246575342472,
        "pct1Y": 45.097938144329895,
        "lastPrice": 2805,
        "datetimeLastPrice": "06-11-2024 12:05:56",
        "volumeMoney": 36465000,
        "accumulatedVolumeMoney": 387220401,
        "tend": "down",
        "performanceAbsolute": -9.900000000000091,
        "performanceRelative": -0.3517
      },
      {
        "codeInstrument": "BCI",
        "name": "BANCO DE CREDITO E INVERSIONES",
        "shortName": "BCI",
        "pctDay": -0.173145,
        "pct30D": 0.5435748037091015,
        "pctCY": 18.65828092243187,
        "pct1Y": 25.77777777777779,
        "lastPrice": 28251,
        "datetimeLastPrice": "06-11-2024 12:20:10",
        "volumeMoney": 28393,
        "accumulatedVolumeMoney": 1671056841,
        "tend": "down",
        "performanceAbsolute": -49,
        "performanceRelative": -0.173145
      },
      {
        "codeInstrument": "BSANTANDER",
        "name": "BANCO SANTANDER CHILE",
        "shortName": "BSANTANDER",
        "pctDay": -0.212269,
        "pct30D": 3.402107111501307,
        "pctCY": 9.558139534883715,
        "pct1Y": 16.063069721606293,
        "lastPrice": 47.01,
        "datetimeLastPrice": "06-11-2024 12:15:24",
        "volumeMoney": 288200,
        "accumulatedVolumeMoney": 1015453989,
        "tend": "down",
        "performanceAbsolute": -0.10000000000000142,
        "performanceRelative": -0.212269
      },
      {
        "codeInstrument": "CAP",
        "name": "CAP S.A.",
        "shortName": "CAP",
        "pctDay": -0.878947,
        "pct30D": -4.201680672268903,
        "pctCY": -20.833333333333336,
        "pct1Y": 8.865884869551932,
        "lastPrice": 5649.9,
        "datetimeLastPrice": "06-11-2024 11:55:50",
        "volumeMoney": 100805,
        "accumulatedVolumeMoney": 203018194,
        "tend": "down",
        "performanceAbsolute": -50.100000000000364,
        "performanceRelative": -0.878947
      },
      {
        "codeInstrument": "CCU",
        "name": "COMPANIA CERVECERIAS UNIDAS S.A.",
        "shortName": "CCU",
        "pctDay": -0.453172,
        "pct30D": 1.7874303286565363,
        "pctCY": -5.597147950089132,
        "pct1Y": 1.3976641776756615,
        "lastPrice": 5272,
        "datetimeLastPrice": "06-11-2024 12:18:29",
        "volumeMoney": 142344,
        "accumulatedVolumeMoney": 1281147211,
        "tend": "down",
        "performanceAbsolute": -24,
        "performanceRelative": -0.453172
      },
      {
        "codeInstrument": "CENCOMALLS",
        "name": "CENCOMALLS",
        "shortName": "CENCOMALLS",
        "pctDay": -0.590898,
        "pct30D": 4.637242649477069,
        "pctCY": 12.822695035460985,
        "pct1Y": 20.97338403041824,
        "lastPrice": 1581.4,
        "datetimeLastPrice": "06-11-2024 12:03:32",
        "volumeMoney": 1315725,
        "accumulatedVolumeMoney": 36742933,
        "tend": "down",
        "performanceAbsolute": -9.399999999999864,
        "performanceRelative": -0.590898
      },
      {
        "codeInstrument": "CENCOSUD",
        "name": "CENCOSUD S.A.",
        "shortName": "CENCOSUD",
        "pctDay": 1.333333,
        "pct30D": 6.470106470106463,
        "pctCY": 17.824773413897276,
        "pct1Y": 32.20338983050848,
        "lastPrice": 1976,
        "datetimeLastPrice": "06-11-2024 12:18:20",
        "volumeMoney": 467313,
        "accumulatedVolumeMoney": 1040026478,
        "tend": "up",
        "performanceAbsolute": 26,
        "performanceRelative": 1.333333
      },
      {
        "codeInstrument": "CHILE",
        "name": "BANCO DE CHILE",
        "shortName": "CHILE",
        "pctDay": 0.38914,
        "pct30D": -2.471315092674309,
        "pctCY": 6.773601314136646,
        "pct1Y": 16.819959826620146,
        "lastPrice": 110.93,
        "datetimeLastPrice": "06-11-2024 12:16:32",
        "volumeMoney": 104524,
        "accumulatedVolumeMoney": 2543692792,
        "tend": "up",
        "performanceAbsolute": 0.4300000000000068,
        "performanceRelative": 0.38914
      },
      {
        "codeInstrument": "CMPC",
        "name": "EMPRESAS CMPC S.A.",
        "shortName": "CMPC",
        "pctDay": -0.714286,
        "pct30D": -1.8483110261312885,
        "pctCY": -9.411764705882353,
        "pct1Y": -11.494252873563216,
        "lastPrice": 1529,
        "datetimeLastPrice": "06-11-2024 12:19:37",
        "volumeMoney": 271040,
        "accumulatedVolumeMoney": 489831526,
        "tend": "down",
        "performanceAbsolute": -11,
        "performanceRelative": -0.714286
      },
      {
        "codeInstrument": "COLBUN",
        "name": "COLBUN S.A.",
        "shortName": "COLBUN",
        "pctDay": -0.412458,
        "pct30D": -1.8181818181818188,
        "pctCY": -15.021459227467815,
        "pct1Y": -9.44431740224102,
        "lastPrice": 118.31,
        "datetimeLastPrice": "06-11-2024 11:54:03",
        "volumeMoney": 356,
        "accumulatedVolumeMoney": 213308845,
        "tend": "down",
        "performanceAbsolute": -0.4899999999999949,
        "performanceRelative": -0.412458
      },
      {
        "codeInstrument": "CONCHATORO",
        "name": "VINA CONCHA Y TORO S.A.",
        "shortName": "CONCHATORO",
        "pctDay": 0.361664,
        "pct30D": 0.5363148804654161,
        "pctCY": 6.59213569776409,
        "pct1Y": 11.954651280493977,
        "lastPrice": 1110,
        "datetimeLastPrice": "06-11-2024 12:05:20",
        "volumeMoney": 2210,
        "accumulatedVolumeMoney": 1797467359,
        "tend": "up",
        "performanceAbsolute": 4,
        "performanceRelative": 0.361664
      },
      {
        "codeInstrument": "COPEC",
        "name": "EMPRESAS COPEC S.A.",
        "shortName": "COPEC",
        "pctDay": -0.06949,
        "pct30D": -1.8831168831168865,
        "pctCY": -5.70982839313573,
        "pct1Y": -6.293120823578658,
        "lastPrice": 6039.8,
        "datetimeLastPrice": "06-11-2024 12:20:20",
        "volumeMoney": 363900,
        "accumulatedVolumeMoney": 912035133,
        "tend": "down",
        "performanceAbsolute": -4.199999999999818,
        "performanceRelative": -0.06949
      },
      {
        "codeInstrument": "ECL",
        "name": "ECL S.A.",
        "shortName": "ECL",
        "pctDay": -1.674157,
        "pct30D": 0.6787330316742057,
        "pctCY": -3.2608695652173947,
        "pct1Y": 7.878787878787885,
        "lastPrice": 875.1,
        "datetimeLastPrice": "06-11-2024 12:06:37",
        "volumeMoney": 10502,
        "accumulatedVolumeMoney": 90992596,
        "tend": "down",
        "performanceAbsolute": -14.899999999999977,
        "performanceRelative": -1.674157
      },
      {
        "codeInstrument": "ENELAM",
        "name": "ENEL AMERICA S.A.",
        "shortName": "ENELAM",
        "pctDay": -0.52514,
        "pct30D": 2.16894977168951,
        "pctCY": -8.20512820512821,
        "pct1Y": -9.586826952217386,
        "lastPrice": 89.03,
        "datetimeLastPrice": "06-11-2024 12:04:02",
        "volumeMoney": 89,
        "accumulatedVolumeMoney": 166539601,
        "tend": "down",
        "performanceAbsolute": -0.46999999999999886,
        "performanceRelative": -0.52514
      },
      {
        "codeInstrument": "ENELCHILE",
        "name": "ENEL CHILE S.A.",
        "shortName": "ENELCHILE",
        "pctDay": -0.356473,
        "pct30D": 7.4596774193548265,
        "pctCY": -6.474820143884896,
        "pct1Y": -0.33657442034404905,
        "lastPrice": 53.11,
        "datetimeLastPrice": "06-11-2024 12:18:17",
        "volumeMoney": 1640135,
        "accumulatedVolumeMoney": 647288412,
        "tend": "down",
        "performanceAbsolute": -0.18999999999999773,
        "performanceRelative": -0.356473
      },
      {
        "codeInstrument": "ENTEL",
        "name": "EMP. NACIONAL DE TELECOMUNICACIONES S.A.",
        "shortName": "ENTEL",
        "pctDay": -0.622332,
        "pct30D": 1.1835685085058723,
        "pctCY": -4.766189840816704,
        "pct1Y": -3.1615814217650695,
        "lastPrice": 3050,
        "datetimeLastPrice": "06-11-2024 12:15:40",
        "volumeMoney": 21350,
        "accumulatedVolumeMoney": 131082391,
        "tend": "down",
        "performanceAbsolute": -19.09999999999991,
        "performanceRelative": -0.622332
      },
      {
        "codeInstrument": "FALABELLA",
        "name": "FALABELLA S.A.",
        "shortName": "FALABELLA",
        "pctDay": -0.147395,
        "pct30D": 0.5843023255813984,
        "pctCY": 57.277272727272724,
        "pct1Y": 82.20642443391257,
        "lastPrice": 3455,
        "datetimeLastPrice": "06-11-2024 12:19:51",
        "volumeMoney": 4608160,
        "accumulatedVolumeMoney": 5247586628,
        "tend": "down",
        "performanceAbsolute": -5.099999999999909,
        "performanceRelative": -0.147395
      },
      {
        "codeInstrument": "IAM",
        "name": "INVERSIONES AGUAS METROPOLITANAS S.A.",
        "shortName": "IAM",
        "pctDay": -0.971824,
        "pct30D": 1.4844143690159184,
        "pctCY": -4.001416430594896,
        "pct1Y": 9.124969036413177,
        "lastPrice": 698.01,
        "datetimeLastPrice": "06-11-2024 12:17:43",
        "volumeMoney": 1206576,
        "accumulatedVolumeMoney": 34611231,
        "tend": "down",
        "performanceAbsolute": -6.850000000000023,
        "performanceRelative": -0.971824
      },
      {
        "codeInstrument": "ITAUCL",
        "name": "BANCO ITAU CHILE",
        "shortName": "ITAUCL",
        "pctDay": -0.71775,
        "pct30D": 0.30158575736940474,
        "pctCY": 20.16317016317015,
        "pct1Y": 29.685534591194962,
        "lastPrice": 10236,
        "datetimeLastPrice": "06-11-2024 12:18:40",
        "volumeMoney": 811251,
        "accumulatedVolumeMoney": 803690021,
        "tend": "down",
        "performanceAbsolute": -74,
        "performanceRelative": -0.71775
      },
      {
        "codeInstrument": "LTM",
        "name": "LATAM AIRLINES GROUP S.A.",
        "shortName": "LTM",
        "pctDay": 0.077821,
        "pct30D": 8.164983164983152,
        "pctCY": 34.554973821989506,
        "pct1Y": 81.0114100577546,
        "lastPrice": 12.86,
        "datetimeLastPrice": "06-11-2024 12:18:19",
        "volumeMoney": 120115,
        "accumulatedVolumeMoney": 1439545652,
        "tend": "up",
        "performanceAbsolute": 0.009999999999999787,
        "performanceRelative": 0.077821
      },
      {
        "codeInstrument": "MALLPLAZA",
        "name": "PLAZA S.A.",
        "shortName": "MALLPLAZA",
        "pctDay": -1.273885,
        "pct30D": 0.6410256410256387,
        "pctCY": 26.134811601189046,
        "pct1Y": 41.23785534364881,
        "lastPrice": 1550,
        "datetimeLastPrice": "06-11-2024 12:18:11",
        "volumeMoney": 17103,
        "accumulatedVolumeMoney": 126767749,
        "tend": "down",
        "performanceAbsolute": -20,
        "performanceRelative": -1.273885
      },
      {
        "codeInstrument": "OROBLANCO",
        "name": "SOCIEDAD DE INVERSIONES ORO BLANCO S.A.",
        "shortName": "OROBLANCO",
        "pctDay": -1.149934,
        "pct30D": 3.7631941257457724,
        "pctCY": -36.30088744893647,
        "pct1Y": -24.658447184271903,
        "lastPrice": 4.47,
        "datetimeLastPrice": "06-11-2024 11:56:08",
        "volumeMoney": 1394,
        "accumulatedVolumeMoney": 63237309,
        "tend": "down",
        "performanceAbsolute": -0.05200000000000049,
        "performanceRelative": -1.149934
      },
      {
        "codeInstrument": "PARAUCO",
        "name": "PARQUE ARAUCO S.A.",
        "shortName": "PARAUCO",
        "pctDay": -1.174952,
        "pct30D": 1.9078947368420973,
        "pctCY": 9.08450704225352,
        "pct1Y": 28.740026595744684,
        "lastPrice": 1530.8,
        "datetimeLastPrice": "06-11-2024 12:03:32",
        "volumeMoney": 198105,
        "accumulatedVolumeMoney": 108175668,
        "tend": "down",
        "performanceAbsolute": -18.200000000000045,
        "performanceRelative": -1.174952
      },
      {
        "codeInstrument": "QUINENCO",
        "name": "QUINENCO S.A.",
        "shortName": "QUINENCO",
        "pctDay": 1.16032,
        "pct30D": 1.1404958677685872,
        "pctCY": 6.78883071553229,
        "pct1Y": 25.37906728956645,
        "lastPrice": 3095,
        "datetimeLastPrice": "06-11-2024 12:12:54",
        "volumeMoney": 61900000,
        "accumulatedVolumeMoney": 247029137,
        "tend": "up",
        "performanceAbsolute": 35.5,
        "performanceRelative": 1.16032
      },
      {
        "codeInstrument": "RIPLEY",
        "name": "RIPLEY CORP S.A.",
        "shortName": "RIPLEY",
        "pctDay": -0.729537,
        "pct30D": 5.046728971962611,
        "pctCY": 60.507225681156115,
        "pct1Y": 78.82143311696579,
        "lastPrice": 278.95,
        "datetimeLastPrice": "06-11-2024 12:13:26",
        "volumeMoney": 19050,
        "accumulatedVolumeMoney": 68681778,
        "tend": "down",
        "performanceAbsolute": -2.0500000000000114,
        "performanceRelative": -0.729537
      },
      {
        "codeInstrument": "SALFACORP",
        "name": "SALFACORP S.A.",
        "shortName": "SALFACORP",
        "pctDay": -2.000245,
        "pct30D": 7.821049850937767,
        "pctCY": 27.94832180201965,
        "pct1Y": 48.60479026343849,
        "lastPrice": 560,
        "datetimeLastPrice": "06-11-2024 12:18:44",
        "volumeMoney": 2023145,
        "accumulatedVolumeMoney": 94053684,
        "tend": "down",
        "performanceAbsolute": -11.42999999999995,
        "performanceRelative": -2.000245
      },
      {
        "codeInstrument": "SECURITY",
        "name": "GRUPO SECURITY S.A.",
        "shortName": "SECURITY",
        "pctDay": -1.218612,
        "pct30D": 6.125328212564174,
        "pctCY": 4.993796526054584,
        "pct1Y": 27.309482393869587,
        "lastPrice": 267.5,
        "datetimeLastPrice": "06-11-2024 11:48:05",
        "volumeMoney": 27664,
        "accumulatedVolumeMoney": 151947826,
        "tend": "down",
        "performanceAbsolute": -3.3000000000000114,
        "performanceRelative": -1.218612
      },
      {
        "codeInstrument": "SMU",
        "name": "SMU S.A.",
        "shortName": "SMU",
        "pctDay": -0.610418,
        "pct30D": -1.146496815286624,
        "pctCY": -8.875154511742899,
        "pct1Y": -7.433450527373187,
        "lastPrice": 146.54,
        "datetimeLastPrice": "06-11-2024 12:03:46",
        "volumeMoney": 292824,
        "accumulatedVolumeMoney": 27708392,
        "tend": "down",
        "performanceAbsolute": -0.9000000000000057,
        "performanceRelative": -0.610418
      },
      {
        "codeInstrument": "SONDA",
        "name": "SONDA S.A.",
        "shortName": "SONDA",
        "pctDay": -0.289855,
        "pct30D": -0.5763688760806907,
        "pctCY": -10.097719869706845,
        "pct1Y": -9.210526315789469,
        "lastPrice": 344,
        "datetimeLastPrice": "06-11-2024 10:59:50",
        "volumeMoney": 1003448,
        "accumulatedVolumeMoney": 18792156,
        "tend": "down",
        "performanceAbsolute": -1,
        "performanceRelative": -0.289855
      },
      {
        "codeInstrument": "SQM-B",
        "name": "SOCIEDAD QUIMICA Y MINERA DE CHILE S.A.",
        "shortName": "SQM-B",
        "pctDay": -3.125504,
        "pct30D": -2.9726205997392396,
        "pctCY": -29.325735992402656,
        "pct1Y": -17.567567567567565,
        "lastPrice": 36047,
        "datetimeLastPrice": "06-11-2024 12:20:22",
        "volumeMoney": 36370000,
        "accumulatedVolumeMoney": 14894331387,
        "tend": "down",
        "performanceAbsolute": -1163,
        "performanceRelative": -3.125504
      },
      {
        "codeInstrument": "VAPORES",
        "name": "COMPANIA SUD AMERICANA DE VAPORES S.A.",
        "shortName": "VAPORES",
        "pctDay": -1.539631,
        "pct30D": 1.4657666345226472,
        "pctCY": -2.7541589648798603,
        "pct1Y": 0.9788867562380066,
        "lastPrice": 51.8,
        "datetimeLastPrice": "06-11-2024 12:20:11",
        "volumeMoney": 4579,
        "accumulatedVolumeMoney": 2776632803,
        "tend": "down",
        "performanceAbsolute": -0.8100000000000023,
        "performanceRelative": -1.539631
      }
    ]
  }
}